[
    
	{
		"model": "posts.group",
		"pk": 1,
		"fields": {
			"title": "Одумайтесь!",
			"slug": "test_",
			"description": "Тестовая группа"
		}
	},
	{
		"model": "contenttypes.contenttype",
		"pk": 1,
		"fields": {
			"app_label": "posts",
			"model": "post"
		}
	},
	{
		"model": "contenttypes.contenttype",
		"pk": 2,
		"fields": {
			"app_label": "admin",
			"model": "logentry"
		}
	},
	{
		"model": "contenttypes.contenttype",
		"pk": 3,
		"fields": {
			"app_label": "auth",
			"model": "permission"
		}
	},
	{
		"model": "contenttypes.contenttype",
		"pk": 4,
		"fields": {
			"app_label": "auth",
			"model": "group"
		}
	},
	{
		"model": "contenttypes.contenttype",
		"pk": 5,
		"fields": {
			"app_label": "auth",
			"model": "user"
		}
	},
	{
		"model": "contenttypes.contenttype",
		"pk": 6,
		"fields": {
			"app_label": "contenttypes",
			"model": "contenttype"
		}
	},
	{
		"model": "contenttypes.contenttype",
		"pk": 7,
		"fields": {
			"app_label": "sessions",
			"model": "session"
		}
	},
	{
		"model": "contenttypes.contenttype",
		"pk": 8,
		"fields": {
			"app_label": "posts",
			"model": "group"
		}
	},
	{
		"model": "contenttypes.contenttype",
		"pk": 9,
		"fields": {
			"app_label": "users",
			"model": "contact"
		}
	},
	{
		"model": "contenttypes.contenttype",
		"pk": 10,
		"fields": {
			"app_label": "thumbnail",
			"model": "kvstore"
		}
	},
	{
		"model": "contenttypes.contenttype",
		"pk": 11,
		"fields": {
			"app_label": "posts",
			"model": "comment"
		}
	},
	{
		"model": "contenttypes.contenttype",
		"pk": 12,
		"fields": {
			"app_label": "posts",
			"model": "follow"
		}
	},
	{
		"model": "sessions.session",
		"pk": "1h79t3ieno7zk9cwielge1qamk237d59",
		"fields": {
			"session_data": "NjY0NjdmZDkxNDI5NjdhMzI1Y2M1ZDY1NDQ0MWFlNGYxZDEyOTExOTp7Il9hdXRoX3VzZXJfaWQiOiIzIiwiX2F1dGhfdXNlcl9iYWNrZW5kIjoiZGphbmdvLmNvbnRyaWIuYXV0aC5iYWNrZW5kcy5Nb2RlbEJhY2tlbmQiLCJfYXV0aF91c2VyX2hhc2giOiIwMWIxMjIxOWRlNDY4NjE0YTFkMDdhZmYzOTUzMWFlMDAwNWEwYjRmIn0=",
			"expire_date": "2022-04-24T16:55:19.789Z"
		}
	},
	{
		"model": "sessions.session",
		"pk": "1tksdtgnncqvzqsd8cqyp6gn12vzxzho",
		"fields": {
			"session_data": "ODNjNDliZGYwYmI3OGNmZDU1ZWY0MjYyZGViMzExMDRlODE0YzJjMTp7Il9hdXRoX3VzZXJfaWQiOiI0IiwiX2F1dGhfdXNlcl9iYWNrZW5kIjoiZGphbmdvLmNvbnRyaWIuYXV0aC5iYWNrZW5kcy5Nb2RlbEJhY2tlbmQiLCJfYXV0aF91c2VyX2hhc2giOiJhNjkxNTAzOTAzOWUwODc0OThhOWZlZGI4NDUzYTg3OTUyZTYyYzIwIn0=",
			"expire_date": "2022-05-26T13:58:29.386Z"
		}
	},
	{
		"model": "sessions.session",
		"pk": "6sodpxepnvh1zj4u1i7x8d7zxey9815q",
		"fields": {
			"session_data": "ZjQ2ZTdlNjc0ZWI1NWE3ODliZWE5M2E3OThiYWY5OWFkOTMxNGUzZjp7Il9hdXRoX3VzZXJfaWQiOiIxMyIsIl9hdXRoX3VzZXJfYmFja2VuZCI6ImRqYW5nby5jb250cmliLmF1dGguYmFja2VuZHMuTW9kZWxCYWNrZW5kIiwiX2F1dGhfdXNlcl9oYXNoIjoiZGIyMzkzZjM0NDE0Y2IzY2FjMzcwNGY5MGJmNDEyMzZmMjU3NjViNCJ9",
			"expire_date": "2022-06-25T22:47:19.370Z"
		}
	},
	{
		"model": "sessions.session",
		"pk": "ato0m5lc3spy8mmch26je2xb7euy0zv8",
		"fields": {
			"session_data": "NjJhNWI0NTVlYzY3MjM2ZDE5Yjg4YzY1MWUzYWFjZDVjNjA5NzY0Zjp7Il9hdXRoX3VzZXJfaWQiOiIxIiwiX2F1dGhfdXNlcl9iYWNrZW5kIjoiZGphbmdvLmNvbnRyaWIuYXV0aC5iYWNrZW5kcy5Nb2RlbEJhY2tlbmQiLCJfYXV0aF91c2VyX2hhc2giOiI1ZjEyMzk4OWFhN2VlODQ5MDNiMmUyYmUxNGE5MjU2MjJiNGJhYzI4In0=",
			"expire_date": "2019-10-15T14:42:37.187Z"
		}
	},
	{
		"model": "sessions.session",
		"pk": "k5sljl0xcjcbot0367xscuzambv4izgb",
		"fields": {
			"session_data": "NzA1NTVkMGRkNDQ3ZjI2NDg0NmFjZTQ4MmFmZWVjMzUzZTNhMjRiNTp7Il9hdXRoX3VzZXJfaWQiOiI0IiwiX2F1dGhfdXNlcl9iYWNrZW5kIjoiZGphbmdvLmNvbnRyaWIuYXV0aC5iYWNrZW5kcy5Nb2RlbEJhY2tlbmQiLCJfYXV0aF91c2VyX2hhc2giOiIzNDM5NTVmYWFiYjQzNmNiNmZmMmUwNjZmNTA2NWNjOWI3ZGNkOGJiIn0=",
			"expire_date": "2022-06-22T09:00:50.352Z"
		}
	},
	{
		"model": "sessions.session",
		"pk": "q9wp7ewc1txl2v4pc35aqs690x1t5ats",
		"fields": {
			"session_data": "ODNjNDliZGYwYmI3OGNmZDU1ZWY0MjYyZGViMzExMDRlODE0YzJjMTp7Il9hdXRoX3VzZXJfaWQiOiI0IiwiX2F1dGhfdXNlcl9iYWNrZW5kIjoiZGphbmdvLmNvbnRyaWIuYXV0aC5iYWNrZW5kcy5Nb2RlbEJhY2tlbmQiLCJfYXV0aF91c2VyX2hhc2giOiJhNjkxNTAzOTAzOWUwODc0OThhOWZlZGI4NDUzYTg3OTUyZTYyYzIwIn0=",
			"expire_date": "2022-05-28T08:47:17.967Z"
		}
	},
	{
		"model": "sessions.session",
		"pk": "qr2ku1r6xb33hzdpan1gbycf2iunkd3d",
		"fields": {
			"session_data": "ZjQ2ZTdlNjc0ZWI1NWE3ODliZWE5M2E3OThiYWY5OWFkOTMxNGUzZjp7Il9hdXRoX3VzZXJfaWQiOiIxMyIsIl9hdXRoX3VzZXJfYmFja2VuZCI6ImRqYW5nby5jb250cmliLmF1dGguYmFja2VuZHMuTW9kZWxCYWNrZW5kIiwiX2F1dGhfdXNlcl9oYXNoIjoiZGIyMzkzZjM0NDE0Y2IzY2FjMzcwNGY5MGJmNDEyMzZmMjU3NjViNCJ9",
			"expire_date": "2022-06-25T15:54:28.573Z"
		}
	},
	{
		"model": "sessions.session",
		"pk": "r41kuw5fqkw9scisv183hkwgf3we5c71",
		"fields": {
			"session_data": "YTllZGViMzFkYjE4YjA3MDM3ZTc4NGNiZWRjNTFjM2NiZDYwZWYzMzp7Il9hdXRoX3VzZXJfaWQiOiIxMSIsIl9hdXRoX3VzZXJfYmFja2VuZCI6ImRqYW5nby5jb250cmliLmF1dGguYmFja2VuZHMuTW9kZWxCYWNrZW5kIiwiX2F1dGhfdXNlcl9oYXNoIjoiZWI2NzkxYjQ4ZjQ4NjczN2FmMjI5NWJkNzI1MTRiNmY4YWFkNjlhOCJ9",
			"expire_date": "2022-06-22T07:09:30.380Z"
		}
	},
	{
		"model": "sessions.session",
		"pk": "rf42mpgvci86hi415y2yz58q3p0wef95",
		"fields": {
			"session_data": "ODNjNDliZGYwYmI3OGNmZDU1ZWY0MjYyZGViMzExMDRlODE0YzJjMTp7Il9hdXRoX3VzZXJfaWQiOiI0IiwiX2F1dGhfdXNlcl9iYWNrZW5kIjoiZGphbmdvLmNvbnRyaWIuYXV0aC5iYWNrZW5kcy5Nb2RlbEJhY2tlbmQiLCJfYXV0aF91c2VyX2hhc2giOiJhNjkxNTAzOTAzOWUwODc0OThhOWZlZGI4NDUzYTg3OTUyZTYyYzIwIn0=",
			"expire_date": "2022-06-03T07:56:45.883Z"
		}
	},
	{
		"model": "sessions.session",
		"pk": "u66x1srt2hyhdw4vlv6kmscdrp5kq7p1",
		"fields": {
			"session_data": "NzA1NTVkMGRkNDQ3ZjI2NDg0NmFjZTQ4MmFmZWVjMzUzZTNhMjRiNTp7Il9hdXRoX3VzZXJfaWQiOiI0IiwiX2F1dGhfdXNlcl9iYWNrZW5kIjoiZGphbmdvLmNvbnRyaWIuYXV0aC5iYWNrZW5kcy5Nb2RlbEJhY2tlbmQiLCJfYXV0aF91c2VyX2hhc2giOiIzNDM5NTVmYWFiYjQzNmNiNmZmMmUwNjZmNTA2NWNjOWI3ZGNkOGJiIn0=",
			"expire_date": "2022-06-21T19:09:58.714Z"
		}
	},
	{
		"model": "thumbnail.kvstore",
		"pk": "sorl-thumbnail||image||1d4e2618cf975b82ee2f3b0e8df6694f",
		"fields": {
			"value": "{\"name\": \"cache/1a/c2/1ac239487a82b2af6c8d1cf1f2126b67.jpg\", \"storage\": \"django.core.files.storage.FileSystemStorage\", \"size\": [300, 200]}"
		}
	},
	{
		"model": "thumbnail.kvstore",
		"pk": "sorl-thumbnail||image||2324a5c4c47ca13cfcba43512340b333",
		"fields": {
			"value": "{\"name\": \"cache/e7/c3/e7c31a89b824775e79c28b016215d956.jpg\", \"storage\": \"django.core.files.storage.FileSystemStorage\", \"size\": [960, 339]}"
		}
	},
	{
		"model": "thumbnail.kvstore",
		"pk": "sorl-thumbnail||image||273a92d9fd02a89da74e2e9c5662ecf6",
		"fields": {
			"value": "{\"name\": \"posts/pp_3vE7zu9.jpg\", \"storage\": \"django.core.files.storage.FileSystemStorage\", \"size\": [640, 640]}"
		}
	},
	{
		"model": "thumbnail.kvstore",
		"pk": "sorl-thumbnail||image||39f123b006697b04964c2420234ab59b",
		"fields": {
			"value": "{\"name\": \"cache/8a/fb/8afb21d80a4d22dfce88436f9c320fe5.jpg\", \"storage\": \"django.core.files.storage.FileSystemStorage\", \"size\": [600, 300]}"
		}
	},
	{
		"model": "thumbnail.kvstore",
		"pk": "sorl-thumbnail||image||65e46f8c8fa68942ba13ce960a644a8d",
		"fields": {
			"value": "{\"name\": \"cache/fe/6a/fe6a0b7d97a01cd8a63468181488d821.jpg\", \"storage\": \"django.core.files.storage.FileSystemStorage\", \"size\": [9000, 300]}"
		}
	},
	{
		"model": "thumbnail.kvstore",
		"pk": "sorl-thumbnail||image||6678c901dea751bd28328a73b41c9b1d",
		"fields": {
			"value": "{\"name\": \"cache/7e/56/7e56a5b9914db6be5520c3c2e7251328.jpg\", \"storage\": \"django.core.files.storage.FileSystemStorage\", \"size\": [960, 339]}"
		}
	},
	{
		"model": "thumbnail.kvstore",
		"pk": "sorl-thumbnail||image||6c42c646840ec78bd68034b714cff123",
		"fields": {
			"value": "{\"name\": \"cache/5e/37/5e371cd9b883a2bfe60b3fd1e9e7ee9f.jpg\", \"storage\": \"django.core.files.storage.FileSystemStorage\", \"size\": [1200, 300]}"
		}
	},
	{
		"model": "thumbnail.kvstore",
		"pk": "sorl-thumbnail||image||7a3cd28d3c2bdbc99b619f961852e399",
		"fields": {
			"value": "{\"name\": \"posts/19851b44-49a1-4b40-9e0b-8a7f16eaaa2e_Of0gQ1j.jpg\", \"storage\": \"django.core.files.storage.FileSystemStorage\", \"size\": [1280, 859]}"
		}
	},
	{
		"model": "thumbnail.kvstore",
		"pk": "sorl-thumbnail||image||820ea2b54f21245455c781d702ab44d0",
		"fields": {
			"value": "{\"name\": \"cache/d4/ca/d4caa6e98605ceed34487176f580843d.jpg\", \"storage\": \"django.core.files.storage.FileSystemStorage\", \"size\": [1920, 1080]}"
		}
	},
	{
		"model": "thumbnail.kvstore",
		"pk": "sorl-thumbnail||image||9281fe239bfb4347cd56fc627911390a",
		"fields": {
			"value": "{\"name\": \"cache/5a/29/5a2994d64df13163ac704c40c7335e4e.jpg\", \"storage\": \"django.core.files.storage.FileSystemStorage\", \"size\": [960, 339]}"
		}
	},
	{
		"model": "thumbnail.kvstore",
		"pk": "sorl-thumbnail||image||a640bf2cd958a55433cd16023a8cd8df",
		"fields": {
			"value": "{\"name\": \"cache/51/a0/51a0f53f071ed4b4c80235a0e1513681.jpg\", \"storage\": \"django.core.files.storage.FileSystemStorage\", \"size\": [800, 600]}"
		}
	},
	{
		"model": "thumbnail.kvstore",
		"pk": "sorl-thumbnail||image||b5ec0f0ef72d09e73e64abf805837d12",
		"fields": {
			"value": "{\"name\": \"cache/72/9f/729f1fdf63fc5dcc4508c57e65986e8f.jpg\", \"storage\": \"django.core.files.storage.FileSystemStorage\", \"size\": [960, 339]}"
		}
	},
	{
		"model": "thumbnail.kvstore",
		"pk": "sorl-thumbnail||image||c0b693659965dea5e16d5a53617dfe96",
		"fields": {
			"value": "{\"name\": \"cache/83/4f/834f5df88a6fe46f560fdf8fa7b16db0.jpg\", \"storage\": \"django.core.files.storage.FileSystemStorage\", \"size\": [960, 339]}"
		}
	},
	{
		"model": "thumbnail.kvstore",
		"pk": "sorl-thumbnail||image||c342bcdd4e123cc0be2391d0443ee304",
		"fields": {
			"value": "{\"name\": \"posts/pexels-eberhard-grossgasteiger-1367192.jpg\", \"storage\": \"django.core.files.storage.FileSystemStorage\", \"size\": [4000, 2666]}"
		}
	},
	{
		"model": "thumbnail.kvstore",
		"pk": "sorl-thumbnail||image||cbcf005983882802f7888f9bd08e628c",
		"fields": {
			"value": "{\"name\": \"posts/photo1654419410.jpeg\", \"storage\": \"django.core.files.storage.FileSystemStorage\", \"size\": [1280, 853]}"
		}
	},
	{
		"model": "thumbnail.kvstore",
		"pk": "sorl-thumbnail||image||e37bceef1479c6b82702af4c03754405",
		"fields": {
			"value": "{\"name\": \"posts/19851b44-49a1-4b40-9e0b-8a7f16eaaa2e.jpg\", \"storage\": \"django.core.files.storage.FileSystemStorage\", \"size\": [1280, 859]}"
		}
	},
	{
		"model": "thumbnail.kvstore",
		"pk": "sorl-thumbnail||thumbnails||273a92d9fd02a89da74e2e9c5662ecf6",
		"fields": {
			"value": "[\"1d4e2618cf975b82ee2f3b0e8df6694f\", \"a640bf2cd958a55433cd16023a8cd8df\", \"820ea2b54f21245455c781d702ab44d0\", \"6c42c646840ec78bd68034b714cff123\", \"6678c901dea751bd28328a73b41c9b1d\", \"39f123b006697b04964c2420234ab59b\", \"65e46f8c8fa68942ba13ce960a644a8d\"]"
		}
	},
	{
		"model": "thumbnail.kvstore",
		"pk": "sorl-thumbnail||thumbnails||7a3cd28d3c2bdbc99b619f961852e399",
		"fields": {
			"value": "[\"9281fe239bfb4347cd56fc627911390a\"]"
		}
	},
	{
		"model": "thumbnail.kvstore",
		"pk": "sorl-thumbnail||thumbnails||c342bcdd4e123cc0be2391d0443ee304",
		"fields": {
			"value": "[\"c0b693659965dea5e16d5a53617dfe96\"]"
		}
	},
	{
		"model": "thumbnail.kvstore",
		"pk": "sorl-thumbnail||thumbnails||cbcf005983882802f7888f9bd08e628c",
		"fields": {
			"value": "[\"b5ec0f0ef72d09e73e64abf805837d12\"]"
		}
	},
	{
		"model": "thumbnail.kvstore",
		"pk": "sorl-thumbnail||thumbnails||e37bceef1479c6b82702af4c03754405",
		"fields": {
			"value": "[\"2324a5c4c47ca13cfcba43512340b333\"]"
		}
	},
	{
		"model": "auth.permission",
		"pk": 1,
		"fields": {
			"name": "Can add post",
			"content_type": 1,
			"codename": "add_post"
		}
	},
	{
		"model": "auth.permission",
		"pk": 2,
		"fields": {
			"name": "Can change post",
			"content_type": 1,
			"codename": "change_post"
		}
	},
	{
		"model": "auth.permission",
		"pk": 3,
		"fields": {
			"name": "Can delete post",
			"content_type": 1,
			"codename": "delete_post"
		}
	},
	{
		"model": "auth.permission",
		"pk": 4,
		"fields": {
			"name": "Can view post",
			"content_type": 1,
			"codename": "view_post"
		}
	},
	{
		"model": "auth.permission",
		"pk": 5,
		"fields": {
			"name": "Can add log entry",
			"content_type": 2,
			"codename": "add_logentry"
		}
	},
	{
		"model": "auth.permission",
		"pk": 6,
		"fields": {
			"name": "Can change log entry",
			"content_type": 2,
			"codename": "change_logentry"
		}
	},
	{
		"model": "auth.permission",
		"pk": 7,
		"fields": {
			"name": "Can delete log entry",
			"content_type": 2,
			"codename": "delete_logentry"
		}
	},
	{
		"model": "auth.permission",
		"pk": 8,
		"fields": {
			"name": "Can view log entry",
			"content_type": 2,
			"codename": "view_logentry"
		}
	},
	{
		"model": "auth.permission",
		"pk": 9,
		"fields": {
			"name": "Can add permission",
			"content_type": 3,
			"codename": "add_permission"
		}
	},
	{
		"model": "auth.permission",
		"pk": 10,
		"fields": {
			"name": "Can change permission",
			"content_type": 3,
			"codename": "change_permission"
		}
	},
	{
		"model": "auth.permission",
		"pk": 11,
		"fields": {
			"name": "Can delete permission",
			"content_type": 3,
			"codename": "delete_permission"
		}
	},
	{
		"model": "auth.permission",
		"pk": 12,
		"fields": {
			"name": "Can view permission",
			"content_type": 3,
			"codename": "view_permission"
		}
	},
	{
		"model": "auth.permission",
		"pk": 13,
		"fields": {
			"name": "Can add group",
			"content_type": 4,
			"codename": "add_group"
		}
	},
	{
		"model": "auth.permission",
		"pk": 14,
		"fields": {
			"name": "Can change group",
			"content_type": 4,
			"codename": "change_group"
		}
	},
	{
		"model": "auth.permission",
		"pk": 15,
		"fields": {
			"name": "Can delete group",
			"content_type": 4,
			"codename": "delete_group"
		}
	},
	{
		"model": "auth.permission",
		"pk": 16,
		"fields": {
			"name": "Can view group",
			"content_type": 4,
			"codename": "view_group"
		}
	},
	{
		"model": "auth.permission",
		"pk": 17,
		"fields": {
			"name": "Can add user",
			"content_type": 5,
			"codename": "add_user"
		}
	},
	{
		"model": "auth.permission",
		"pk": 18,
		"fields": {
			"name": "Can change user",
			"content_type": 5,
			"codename": "change_user"
		}
	},
	{
		"model": "auth.permission",
		"pk": 19,
		"fields": {
			"name": "Can delete user",
			"content_type": 5,
			"codename": "delete_user"
		}
	},
	{
		"model": "auth.permission",
		"pk": 20,
		"fields": {
			"name": "Can view user",
			"content_type": 5,
			"codename": "view_user"
		}
	},
	{
		"model": "auth.permission",
		"pk": 21,
		"fields": {
			"name": "Can add content type",
			"content_type": 6,
			"codename": "add_contenttype"
		}
	},
	{
		"model": "auth.permission",
		"pk": 22,
		"fields": {
			"name": "Can change content type",
			"content_type": 6,
			"codename": "change_contenttype"
		}
	},
	{
		"model": "auth.permission",
		"pk": 23,
		"fields": {
			"name": "Can delete content type",
			"content_type": 6,
			"codename": "delete_contenttype"
		}
	},
	{
		"model": "auth.permission",
		"pk": 24,
		"fields": {
			"name": "Can view content type",
			"content_type": 6,
			"codename": "view_contenttype"
		}
	},
	{
		"model": "auth.permission",
		"pk": 25,
		"fields": {
			"name": "Can add session",
			"content_type": 7,
			"codename": "add_session"
		}
	},
	{
		"model": "auth.permission",
		"pk": 26,
		"fields": {
			"name": "Can change session",
			"content_type": 7,
			"codename": "change_session"
		}
	},
	{
		"model": "auth.permission",
		"pk": 27,
		"fields": {
			"name": "Can delete session",
			"content_type": 7,
			"codename": "delete_session"
		}
	},
	{
		"model": "auth.permission",
		"pk": 28,
		"fields": {
			"name": "Can view session",
			"content_type": 7,
			"codename": "view_session"
		}
	},
	{
		"model": "auth.permission",
		"pk": 29,
		"fields": {
			"name": "Can add group",
			"content_type": 8,
			"codename": "add_group"
		}
	},
	{
		"model": "auth.permission",
		"pk": 30,
		"fields": {
			"name": "Can change group",
			"content_type": 8,
			"codename": "change_group"
		}
	},
	{
		"model": "auth.permission",
		"pk": 31,
		"fields": {
			"name": "Can delete group",
			"content_type": 8,
			"codename": "delete_group"
		}
	},
	{
		"model": "auth.permission",
		"pk": 32,
		"fields": {
			"name": "Can view group",
			"content_type": 8,
			"codename": "view_group"
		}
	},
	{
		"model": "auth.permission",
		"pk": 33,
		"fields": {
			"name": "Can add contact",
			"content_type": 9,
			"codename": "add_contact"
		}
	},
	{
		"model": "auth.permission",
		"pk": 34,
		"fields": {
			"name": "Can change contact",
			"content_type": 9,
			"codename": "change_contact"
		}
	},
	{
		"model": "auth.permission",
		"pk": 35,
		"fields": {
			"name": "Can delete contact",
			"content_type": 9,
			"codename": "delete_contact"
		}
	},
	{
		"model": "auth.permission",
		"pk": 36,
		"fields": {
			"name": "Can view contact",
			"content_type": 9,
			"codename": "view_contact"
		}
	},
	{
		"model": "auth.permission",
		"pk": 37,
		"fields": {
			"name": "Can add kv store",
			"content_type": 10,
			"codename": "add_kvstore"
		}
	},
	{
		"model": "auth.permission",
		"pk": 38,
		"fields": {
			"name": "Can change kv store",
			"content_type": 10,
			"codename": "change_kvstore"
		}
	},
	{
		"model": "auth.permission",
		"pk": 39,
		"fields": {
			"name": "Can delete kv store",
			"content_type": 10,
			"codename": "delete_kvstore"
		}
	},
	{
		"model": "auth.permission",
		"pk": 40,
		"fields": {
			"name": "Can view kv store",
			"content_type": 10,
			"codename": "view_kvstore"
		}
	},
	{
		"model": "auth.permission",
		"pk": 41,
		"fields": {
			"name": "Can add comment",
			"content_type": 11,
			"codename": "add_comment"
		}
	},
	{
		"model": "auth.permission",
		"pk": 42,
		"fields": {
			"name": "Can change comment",
			"content_type": 11,
			"codename": "change_comment"
		}
	},
	{
		"model": "auth.permission",
		"pk": 43,
		"fields": {
			"name": "Can delete comment",
			"content_type": 11,
			"codename": "delete_comment"
		}
	},
	{
		"model": "auth.permission",
		"pk": 44,
		"fields": {
			"name": "Can view comment",
			"content_type": 11,
			"codename": "view_comment"
		}
	},
	{
		"model": "auth.permission",
		"pk": 45,
		"fields": {
			"name": "Can add follow",
			"content_type": 12,
			"codename": "add_follow"
		}
	},
	{
		"model": "auth.permission",
		"pk": 46,
		"fields": {
			"name": "Can change follow",
			"content_type": 12,
			"codename": "change_follow"
		}
	},
	{
		"model": "auth.permission",
		"pk": 47,
		"fields": {
			"name": "Can delete follow",
			"content_type": 12,
			"codename": "delete_follow"
		}
	},
	{
		"model": "auth.permission",
		"pk": 48,
		"fields": {
			"name": "Can view follow",
			"content_type": 12,
			"codename": "view_follow"
		}
	},
	{
		"model": "auth.user",
		"pk": 1,
		"fields": {
			"password": "pbkdf2_sha256$150000$Zmogy9nRoGLg$r8ZunNrLUsIZGTLUJ+7HHhuubg8eQ4PPmrTvLzQ1Tfs=",
			"last_login": "2019-10-01T14:42:37.186Z",
			"is_superuser": true,
			"username": "admin",
			"first_name": "",
			"last_name": "",
			"email": "",
			"is_staff": true,
			"is_active": true,
			"date_joined": "2019-10-01T14:34:56.579Z",
			"groups": [],
			"user_permissions": []
		}
	},
	{
		"model": "auth.user",
		"pk": 2,
		"fields": {
			"password": "august",
			"last_login": null,
			"is_superuser": false,
			"username": "leo",
			"first_name": "Лев",
			"last_name": "Толстой",
			"email": "ln@yasnaya.polyana",
			"is_staff": false,
			"is_active": true,
			"date_joined": "2019-10-05T21:37:36.487Z",
			"groups": [],
			"user_permissions": []
		}
	},
	{
		"model": "auth.user",
		"pk": 3,
		"fields": {
			"password": "pbkdf2_sha256$150000$gnoukIIPt9ZA$XQcMDNXZ675rWMO/M7LKxgl6phfT/+dO6vCJrn9E3jE=",
			"last_login": "2022-06-11T15:34:57.788Z",
			"is_superuser": true,
			"username": "Admin",
			"first_name": "",
			"last_name": "",
			"email": "",
			"is_staff": true,
			"is_active": true,
			"date_joined": "2022-04-10T16:54:06.380Z",
			"groups": [],
			"user_permissions": []
		}
	},
	{
		"model": "auth.user",
		"pk": 4,
		"fields": {
			"password": "pbkdf2_sha256$150000$xRnCXz14hAhy$Tb+hVJC45LfjdJq4bjL4VzMuEI7QlP5UAlmUlnxrvOY=",
			"last_login": "2022-06-11T15:50:29.545Z",
			"is_superuser": false,
			"username": "chgk",
			"first_name": "Фёдор",
			"last_name": "Двинятин",
			"email": "chgk@mail.ma",
			"is_staff": false,
			"is_active": true,
			"date_joined": "2022-05-09T17:25:04Z",
			"groups": [],
			"user_permissions": []
		}
	},
	{
		"model": "auth.user",
		"pk": 10,
		"fields": {
			"password": "pbkdf2_sha256$150000$XGrVAnXrMa35$13DgvuxrJxtL192Z3Mvfhm+kIGo9bBdWuZsuJrHwIh4=",
			"last_login": "2022-05-20T12:54:30.407Z",
			"is_superuser": false,
			"username": "SeregaUSA",
			"first_name": "Сергей",
			"last_name": "Довлатов",
			"email": "sere@gaus.aa",
			"is_staff": false,
			"is_active": true,
			"date_joined": "2022-05-20T12:53:57.977Z",
			"groups": [],
			"user_permissions": []
		}
	},
	{
		"model": "auth.user",
		"pk": 11,
		"fields": {
			"password": "pbkdf2_sha256$150000$cbv9pTePWr4y$OI4jzaXMqPB3MS0WWvXDxhawTM3Er4KNkgtbCB5tTqQ=",
			"last_login": "2022-06-11T13:36:25.597Z",
			"is_superuser": false,
			"username": "chedel",
			"first_name": "Николай",
			"last_name": "Чернышевский",
			"email": "che@de.ll",
			"is_staff": false,
			"is_active": true,
			"date_joined": "2022-06-08T07:09:14.065Z",
			"groups": [],
			"user_permissions": []
		}
	},
	{
		"model": "auth.user",
		"pk": 12,
		"fields": {
			"password": "pbkdf2_sha256$150000$Q8bk7sfAaOKo$k99w37jqdEeAhoyPx1DXeDUKj7K2sHLQxsBthFWrELo=",
			"last_login": null,
			"is_superuser": false,
			"username": "petr",
			"first_name": "Пёт",
			"last_name": "Р",
			"email": "pet@r.ru",
			"is_staff": false,
			"is_active": true,
			"date_joined": "2022-06-11T12:58:18.916Z",
			"groups": [],
			"user_permissions": []
		}
	},
	{
		"model": "auth.user",
		"pk": 13,
		"fields": {
			"password": "pbkdf2_sha256$150000$WDIG9rckRqQf$w+tw0ebBttI/LyCUBF88a212fBMbcmHYUPrtlTHkIp4=",
			"last_login": "2022-06-11T22:47:19.365Z",
			"is_superuser": false,
			"username": "alex",
			"first_name": "Алексей",
			"last_name": "Толстой",
			"email": "al@e.xx",
			"is_staff": false,
			"is_active": true,
			"date_joined": "2022-06-11T14:43:26.102Z",
			"groups": [],
			"user_permissions": []
		}
	},
	{
		"model": "auth.user",
		"pk": 14,
		"fields": {
			"password": "pbkdf2_sha256$150000$p3TYFWjQaZlG$omwUY0iieOErMuuHb+Cr2PYt2VaJkURFoVXCITpiKbc=",
			"last_login": "2022-06-11T21:47:26.320Z",
			"is_superuser": false,
			"username": "che",
			"first_name": "CHE",
			"last_name": "KF",
			"email": "ce@j.kl",
			"is_staff": false,
			"is_active": true,
			"date_joined": "2022-06-11T21:47:11.645Z",
			"groups": [],
			"user_permissions": []
		}
	},
	{
		"model": "admin.logentry",
		"pk": 1,
		"fields": {
			"action_time": "2019-10-01T15:04:29.895Z",
			"user": 1,
			"content_type": 1,
			"object_id": "1",
			"object_repr": "Post object (1)",
			"action_flag": 1,
			"change_message": "[{\"added\": {}}]"
		}
	},
	{
		"model": "admin.logentry",
		"pk": 2,
		"fields": {
			"action_time": "2019-10-05T18:27:05.802Z",
			"user": 1,
			"content_type": 1,
			"object_id": "1",
			"object_repr": "Привет, я текст!",
			"action_flag": 2,
			"change_message": "[{\"changed\": {\"fields\": [\"text\"]}}]"
		}
	},
	{
		"model": "admin.logentry",
		"pk": 3,
		"fields": {
			"action_time": "2019-10-05T21:46:37.886Z",
			"user": 1,
			"content_type": 1,
			"object_id": "1",
			"object_repr": "Привет, я текст!",
			"action_flag": 3,
			"change_message": ""
		}
	},
	{
		"model": "admin.logentry",
		"pk": 4,
		"fields": {
			"action_time": "2022-04-10T16:56:04.114Z",
			"user": 3,
			"content_type": 8,
			"object_id": "1",
			"object_repr": "Группа \"Короля Льва\"",
			"action_flag": 1,
			"change_message": "[{\"added\": {}}]"
		}
	},
	{
		"model": "admin.logentry",
		"pk": 5,
		"fields": {
			"action_time": "2022-04-10T16:56:25.906Z",
			"user": 3,
			"content_type": 8,
			"object_id": "2",
			"object_repr": "Подпочечнивики",
			"action_flag": 1,
			"change_message": "[{\"added\": {}}]"
		}
	},
	{
		"model": "admin.logentry",
		"pk": 6,
		"fields": {
			"action_time": "2022-04-10T16:56:39.629Z",
			"user": 3,
			"content_type": 8,
			"object_id": "2",
			"object_repr": "Подпочечвники",
			"action_flag": 2,
			"change_message": "[{\"changed\": {\"fields\": [\"title\"]}}]"
		}
	},
	{
		"model": "admin.logentry",
		"pk": 7,
		"fields": {
			"action_time": "2022-04-10T16:56:58.328Z",
			"user": 3,
			"content_type": 1,
			"object_id": "37",
			"object_repr": "Post object (37)",
			"action_flag": 2,
			"change_message": "[{\"changed\": {\"fields\": [\"group\"]}}]"
		}
	},
	{
		"model": "admin.logentry",
		"pk": 8,
		"fields": {
			"action_time": "2022-04-10T16:56:58.336Z",
			"user": 3,
			"content_type": 1,
			"object_id": "36",
			"object_repr": "Post object (36)",
			"action_flag": 2,
			"change_message": "[{\"changed\": {\"fields\": [\"group\"]}}]"
		}
	},
	{
		"model": "admin.logentry",
		"pk": 9,
		"fields": {
			"action_time": "2022-04-10T16:56:58.346Z",
			"user": 3,
			"content_type": 1,
			"object_id": "35",
			"object_repr": "Post object (35)",
			"action_flag": 2,
			"change_message": "[{\"changed\": {\"fields\": [\"group\"]}}]"
		}
	},
	{
		"model": "admin.logentry",
		"pk": 10,
		"fields": {
			"action_time": "2022-04-10T16:56:58.358Z",
			"user": 3,
			"content_type": 1,
			"object_id": "34",
			"object_repr": "Post object (34)",
			"action_flag": 2,
			"change_message": "[{\"changed\": {\"fields\": [\"group\"]}}]"
		}
	},
	{
		"model": "admin.logentry",
		"pk": 11,
		"fields": {
			"action_time": "2022-04-10T16:57:50.661Z",
			"user": 3,
			"content_type": 8,
			"object_id": "2",
			"object_repr": "Подпочечвеники",
			"action_flag": 2,
			"change_message": "[{\"changed\": {\"fields\": [\"title\"]}}]"
		}
	},
	{
		"model": "admin.logentry",
		"pk": 12,
		"fields": {
			"action_time": "2022-04-10T16:58:23.295Z",
			"user": 3,
			"content_type": 8,
			"object_id": "2",
			"object_repr": "Надпочечвенники",
			"action_flag": 2,
			"change_message": "[{\"changed\": {\"fields\": [\"title\"]}}]"
		}
	},
	{
		"model": "admin.logentry",
		"pk": 13,
		"fields": {
			"action_time": "2022-04-10T17:01:19.243Z",
			"user": 3,
			"content_type": 8,
			"object_id": "2",
			"object_repr": "Толстюлени",
			"action_flag": 2,
			"change_message": "[{\"changed\": {\"fields\": [\"title\"]}}]"
		}
	},
	{
		"model": "admin.logentry",
		"pk": 14,
		"fields": {
			"action_time": "2022-04-10T17:02:18.166Z",
			"user": 3,
			"content_type": 8,
			"object_id": "1",
			"object_repr": "Группа любителей мультфильма \"Король Лев\" и всего, что связано со львами",
			"action_flag": 2,
			"change_message": "[{\"changed\": {\"fields\": [\"title\"]}}]"
		}
	},
	{
		"model": "admin.logentry",
		"pk": 15,
		"fields": {
			"action_time": "2022-04-10T17:03:18.444Z",
			"user": 3,
			"content_type": 8,
			"object_id": "1",
			"object_repr": "Группа любителей мультфильма \"Король Лев\" и всего, что связано со львами и именем Лев. В том числе и Львом Николаевичем Толстым",
			"action_flag": 2,
			"change_message": "[{\"changed\": {\"fields\": [\"title\"]}}]"
		}
	},
	{
		"model": "admin.logentry",
		"pk": 16,
		"fields": {
			"action_time": "2022-04-10T17:05:02.991Z",
			"user": 3,
			"content_type": 8,
			"object_id": "1",
			"object_repr": "Группа любителей мультфильма \"Король Лев\" и всего, что связано со львами и именем Лев. В том числе и Львом Николаевичем Толстым и его произведениями, такими как: \"Война и Мир\", \"Анна Каренина\" и други",
			"action_flag": 2,
			"change_message": "[{\"changed\": {\"fields\": [\"title\"]}}]"
		}
	},
	{
		"model": "admin.logentry",
		"pk": 17,
		"fields": {
			"action_time": "2022-04-10T17:05:13.056Z",
			"user": 3,
			"content_type": 8,
			"object_id": "2",
			"object_repr": "Толстюлени",
			"action_flag": 2,
			"change_message": "[{\"changed\": {\"fields\": [\"description\"]}}]"
		}
	},
	{
		"model": "admin.logentry",
		"pk": 18,
		"fields": {
			"action_time": "2022-04-10T17:05:42.604Z",
			"user": 3,
			"content_type": 8,
			"object_id": "2",
			"object_repr": "Одумайтесь!",
			"action_flag": 2,
			"change_message": "[{\"changed\": {\"fields\": [\"title\"]}}]"
		}
	},
	{
		"model": "admin.logentry",
		"pk": 19,
		"fields": {
			"action_time": "2022-04-10T18:12:06.774Z",
			"user": 3,
			"content_type": 8,
			"object_id": "1",
			"object_repr": "Группа любителей мультфильма \"Король Лев\" и всего, что связано со львами и именем Лев. В том числе и Львом Николаевичем Толстым и его произведениями, такими как: \"Война и Мир\", \"Анна Каренина\" и други",
			"action_flag": 2,
			"change_message": "[]"
		}
	},
	{
		"model": "admin.logentry",
		"pk": 20,
		"fields": {
			"action_time": "2022-04-10T18:12:18.949Z",
			"user": 3,
			"content_type": 8,
			"object_id": "2",
			"object_repr": "Одумайтесь!",
			"action_flag": 2,
			"change_message": "[{\"changed\": {\"fields\": [\"description\"]}}]"
		}
	},
	{
		"model": "admin.logentry",
		"pk": 21,
		"fields": {
			"action_time": "2022-04-10T18:28:29.520Z",
			"user": 3,
			"content_type": 1,
			"object_id": "33",
			"object_repr": "Post object (33)",
			"action_flag": 2,
			"change_message": "[{\"changed\": {\"fields\": [\"group\"]}}]"
		}
	},
	{
		"model": "admin.logentry",
		"pk": 22,
		"fields": {
			"action_time": "2022-04-10T18:29:14.881Z",
			"user": 3,
			"content_type": 8,
			"object_id": "1",
			"object_repr": "Толстовцы",
			"action_flag": 2,
			"change_message": "[{\"changed\": {\"fields\": [\"title\"]}}]"
		}
	},
	{
		"model": "admin.logentry",
		"pk": 23,
		"fields": {
			"action_time": "2022-05-09T17:29:36.287Z",
			"user": 3,
			"content_type": 8,
			"object_id": "1",
			"object_repr": "Толстовцы",
			"action_flag": 3,
			"change_message": ""
		}
	},
	{
		"model": "admin.logentry",
		"pk": 24,
		"fields": {
			"action_time": "2022-05-09T17:30:25.287Z",
			"user": 3,
			"content_type": 8,
			"object_id": "3",
			"object_repr": "Толстовцы",
			"action_flag": 1,
			"change_message": "[{\"added\": {}}]"
		}
	},
	{
		"model": "admin.logentry",
		"pk": 25,
		"fields": {
			"action_time": "2022-05-09T17:31:33.723Z",
			"user": 3,
			"content_type": 1,
			"object_id": "39",
			"object_repr": "Алло?",
			"action_flag": 2,
			"change_message": "[{\"changed\": {\"fields\": [\"group\"]}}]"
		}
	},
	{
		"model": "admin.logentry",
		"pk": 26,
		"fields": {
			"action_time": "2022-05-09T17:31:33.730Z",
			"user": 3,
			"content_type": 1,
			"object_id": "37",
			"object_repr": "[Фокшаны.] Еще переходъ до Фокшанъ, во время котораго я ѣхалъ съ Монго. Человѣкъ пустой, но съ твердыми, хотя и ложными убѣжденіями. Генерал[у] по этому должно быть случаю, угодно было спрашивать о мо",
			"action_flag": 2,
			"change_message": "[{\"changed\": {\"fields\": [\"group\"]}}]"
		}
	},
	{
		"model": "admin.logentry",
		"pk": 27,
		"fields": {
			"action_time": "2022-05-10T09:21:23.477Z",
			"user": 3,
			"content_type": 1,
			"object_id": "38",
			"object_repr": "Первый пост",
			"action_flag": 3,
			"change_message": ""
		}
	},
	{
		"model": "admin.logentry",
		"pk": 28,
		"fields": {
			"action_time": "2022-05-12T12:58:57.672Z",
			"user": 3,
			"content_type": 5,
			"object_id": "4",
			"object_repr": "chgk",
			"action_flag": 2,
			"change_message": "[{\"changed\": {\"fields\": [\"email\"]}}]"
		}
	},
	{
		"model": "admin.logentry",
		"pk": 29,
		"fields": {
			"action_time": "2022-05-17T18:51:30.737Z",
			"user": 3,
			"content_type": 5,
			"object_id": "7",
			"object_repr": "fedya",
			"action_flag": 3,
			"change_message": ""
		}
	},
	{
		"model": "admin.logentry",
		"pk": 30,
		"fields": {
			"action_time": "2022-05-17T18:51:40.330Z",
			"user": 3,
			"content_type": 5,
			"object_id": "5",
			"object_repr": "SeregaUSA",
			"action_flag": 3,
			"change_message": ""
		}
	},
	{
		"model": "admin.logentry",
		"pk": 31,
		"fields": {
			"action_time": "2022-05-17T18:51:40.334Z",
			"user": 3,
			"content_type": 5,
			"object_id": "6",
			"object_repr": "nikolai",
			"action_flag": 3,
			"change_message": ""
		}
	},
	{
		"model": "admin.logentry",
		"pk": 32,
		"fields": {
			"action_time": "2022-05-20T07:56:35.152Z",
			"user": 3,
			"content_type": 5,
			"object_id": "9",
			"object_repr": "SeregaUSA",
			"action_flag": 3,
			"change_message": ""
		}
	},
	{
		"model": "admin.logentry",
		"pk": 33,
		"fields": {
			"action_time": "2022-05-20T07:56:35.157Z",
			"user": 3,
			"content_type": 5,
			"object_id": "8",
			"object_repr": "idiot",
			"action_flag": 3,
			"change_message": ""
		}
	},
	{
		"model": "admin.logentry",
		"pk": 34,
		"fields": {
			"action_time": "2022-05-21T14:55:31.228Z",
			"user": 3,
			"content_type": 1,
			"object_id": "43",
			"object_repr": "Тестовый",
			"action_flag": 3,
			"change_message": ""
		}
	},
	{
		"model": "admin.logentry",
		"pk": 35,
		"fields": {
			"action_time": "2022-06-08T06:23:28.664Z",
			"user": 3,
			"content_type": 8,
			"object_id": "1",
			"object_repr": "Одумайтесь!",
			"action_flag": 1,
			"change_message": "[{\"added\": {}}]"
		}
	},
	{
		"model": "posts.follow",
		"pk": 1,
		"fields": {
			"user": null,
			"author": 4
		}
	},
	{
		"model": "posts.follow",
		"pk": 8,
		"fields": {
			"user": 4,
			"author": 11
		}
	},
	{
		"model": "posts.follow",
		"pk": 9,
		"fields": {
			"user": 4,
			"author": 11
		}
	},
	{
		"model": "posts.follow",
		"pk": 10,
		"fields": {
			"user": 4,
			"author": 11
		}
	},
	{
		"model": "posts.follow",
		"pk": 13,
		"fields": {
			"user": 4,
			"author": 13
		}
	},
	{
		"model": "posts.follow",
		"pk": 21,
		"fields": {
			"user": 13,
			"author": 4
		}
	},
	{
		"model": "posts.follow",
		"pk": 22,
		"fields": {
			"user": 13,
			"author": 4
		}
	},
	{
		"model": "posts.follow",
		"pk": 23,
		"fields": {
			"user": 13,
			"author": 4
		}
	},
	{
		"model": "posts.follow",
		"pk": 24,
		"fields": {
			"user": 13,
			"author": 4
		}
	},
	{
		"model": "posts.follow",
		"pk": 25,
		"fields": {
			"user": 13,
			"author": 4
		}
	},
	{
		"model": "posts.follow",
		"pk": 26,
		"fields": {
			"user": 13,
			"author": 4
		}
	},
	{
		"model": "posts.follow",
		"pk": 27,
		"fields": {
			"user": 13,
			"author": 4
		}
	},
	{
		"model": "posts.follow",
		"pk": 28,
		"fields": {
			"user": 13,
			"author": 4
		}
	},
	{
		"model": "posts.follow",
		"pk": 29,
		"fields": {
			"user": 13,
			"author": 11
		}
	},
	{
		"model": "posts.comment",
		"pk": 1,
		"fields": {
			"post": 1,
			"author": 4,
			"text": "комм",
			"created": "2022-06-08T06:25:13.649Z"
		}
	},
	{
		"model": "posts.comment",
		"pk": 2,
		"fields": {
			"post": 1,
			"author": 4,
			"text": "2",
			"created": "2022-06-08T06:58:40.785Z"
		}
	},
	{
		"model": "posts.comment",
		"pk": 3,
		"fields": {
			"post": 1,
			"author": 4,
			"text": "3",
			"created": "2022-06-08T06:58:43.670Z"
		}
	},
	{
		"model": "posts.comment",
		"pk": 4,
		"fields": {
			"post": 1,
			"author": 4,
			"text": "4",
			"created": "2022-06-08T06:58:47.168Z"
		}
	},
	{
		"model": "posts.comment",
		"pk": 5,
		"fields": {
			"post": 1,
			"author": 4,
			"text": "5",
			"created": "2022-06-08T06:58:50.413Z"
		}
	},
	{
		"model": "posts.comment",
		"pk": 6,
		"fields": {
			"post": 1,
			"author": 4,
			"text": "6",
			"created": "2022-06-08T06:59:27.045Z"
		}
	},
	{
		"model": "posts.comment",
		"pk": 7,
		"fields": {
			"post": 1,
			"author": 4,
			"text": "7",
			"created": "2022-06-08T06:59:29.576Z"
		}
	},
	{
		"model": "posts.comment",
		"pk": 8,
		"fields": {
			"post": 1,
			"author": 4,
			"text": "8",
			"created": "2022-06-08T06:59:34.407Z"
		}
	},
	{
		"model": "posts.comment",
		"pk": 9,
		"fields": {
			"post": 1,
			"author": 4,
			"text": "9",
			"created": "2022-06-08T06:59:37.203Z"
		}
	},
	{
		"model": "posts.comment",
		"pk": 10,
		"fields": {
			"post": 1,
			"author": 4,
			"text": "10",
			"created": "2022-06-08T06:59:40.243Z"
		}
	},
	{
		"model": "posts.comment",
		"pk": 11,
		"fields": {
			"post": 1,
			"author": 4,
			"text": "11",
			"created": "2022-06-08T06:59:45.194Z"
		}
	},
	{
		"model": "posts.comment",
		"pk": 12,
		"fields": {
			"post": 1,
			"author": 4,
			"text": "12",
			"created": "2022-06-08T07:01:18.278Z"
		}
	},
	{
		"model": "posts.post",
		"pk": 1,
		"fields": {
			"text": "Новый пост",
			"pub_date": "2022-06-08T06:22:15.644Z",
			"author": 4,
			"group": null,
			"image": ""
		}
	},
	{
		"model": "posts.post",
		"pk": 2,
		"fields": {
			"text": "тест картинки",
			"pub_date": "2022-06-08T06:23:46.218Z",
			"author": 3,
			"group": 1,
			"image": "posts/pp_3vE7zu9.jpg"
		}
	},
	{
		"model": "posts.post",
		"pk": 3,
		"fields": {
			"text": "Что делать?",
			"pub_date": "2022-06-08T07:09:57.635Z",
			"author": 11,
			"group": null,
			"image": ""
		}
	},
	{
		"model": "posts.post",
		"pk": 4,
		"fields": {
			"text": "Как быть?",
			"pub_date": "2022-06-08T10:59:09.161Z",
			"author": 11,
			"group": 1,
			"image": ""
		}
	},
	{
		"model": "posts.post",
		"pk": 5,
		"fields": {
			"text": "тест картинки",
			"pub_date": "2022-06-10T13:08:38.588Z",
			"author": 4,
			"group": null,
			"image": "posts/19851b44-49a1-4b40-9e0b-8a7f16eaaa2e_Of0gQ1j.jpg"
		}
	},
	{
		"model": "posts.post",
		"pk": 6,
		"fields": {
			"text": "...",
			"pub_date": "2022-06-11T14:46:54.068Z",
			"author": 13,
			"group": null,
			"image": ""
		}
	}
]